{
  "project_info": {
    "project_number": "550444357543",
    "firebase_url": "https://ezapp-18807.firebaseio.com",
    "project_id": "ezapp-18807",
    "storage_bucket": "ezapp-18807.appspot.com"
  },
  "client": [
    {
      "client_info": {
        "mobilesdk_app_id": "1:550444357543:android:9efacc5012ec035cec8882",
        "android_client_info": {
          "package_name": "tech.ezapp.ezadmin"
        }
      },
      "oauth_client": [
        {
          "client_id": "550444357543-d45nm2krgmr17immoplgr5oqd66p8lj2.apps.googleusercontent.com",
          "client_type": 1,
          "android_info": {
            "package_name": "tech.ezapp.ezadmin",
            "certificate_hash": "de745f2fc5b1b1e93dd557fdefb4a282e82611f1"
          }
        },
        {
          "client_id": "550444357543-php95egkodukrv8vfot2e0apdb6rrbnb.apps.googleusercontent.com",
          "client_type": 1,
          "android_info": {
            "package_name": "tech.ezapp.ezadmin",
            "certificate_hash": "20fbc10360adfe168b19190caa7833fd2c0a8aad"
          }
        },
        {
          "client_id": "550444357543-oesl4f92h7so6aksd9jud3r2kbl1enmn.apps.googleusercontent.com",
          "client_type": 1,
          "android_info": {
            "package_name": "tech.ezapp.ezadmin",
            "certificate_hash": "31591dc2f4ad56b910856275e833b43504c635be"
          }
        },
        {
          "client_id": "550444357543-l5nr4701u40ga8rib4lmtqrebitcfejr.apps.googleusercontent.com",
          "client_type": 1,
          "android_info": {
            "package_name": "tech.ezapp.ezadmin",
            "certificate_hash": "4e70ed604c4d215f29ae47ba5ab1a55a25996bac"
          }
        },
        {
          "client_id": "550444357543-o6vvgn5rgaqa9ejmvm0c05t0s7vak0s6.apps.googleusercontent.com",
          "client_type": 3
        }
      ],
      "api_key": [
        {
          "current_key": "AIzaSyDG_6QmxJl8UDUQB-21DVNpCZBM-5g26PQ"
        }
      ],
      "services": {
        "appinvite_service": {
          "other_platform_oauth_client": [
            {
              "client_id": "550444357543-o6vvgn5rgaqa9ejmvm0c05t0s7vak0s6.apps.googleusercontent.com",
              "client_type": 3
            }
          ]
        }
      }
    }
  ],
  "configuration_version": "1"
}